-- ============================================================
-- Mock 数据脚本
-- 注意：admin 账号由 DataInitializer 自动创建，这里不插入
-- ============================================================

USE mistake_hub;

-- ===== 学生账号 =====
INSERT INTO `account` (`id`, `code`, `nickname`, `avatar_url`, `role`, `wechat_open_id`, `daily_limit`, `created_time`)
VALUES
    (2, 'student_xiaoming', '小明', NULL, 'student', 'ox_mock_xiaoming_001', 30, '2026-01-10 09:00:00'),
    (3, 'student_xiaohong', '小红', NULL, 'student', 'ox_mock_xiaohong_002', 20, '2026-01-15 14:30:00'),
    (4, 'student_xiaogang', '小刚', NULL, 'student', 'ox_mock_xiaogang_003', 30, '2026-02-01 10:00:00');

-- ===== 标签体系 =====
-- SUBJECT（顶级学科，parent_id = 0）
INSERT INTO `tag` (`id`, `name`, `type`, `parent_id`, `created_time`)
VALUES
    (1,  '数学',   'SUBJECT', 0, '2026-01-01 00:00:00'),
    (2,  '英语',   'SUBJECT', 0, '2026-01-01 00:00:00'),
    (3,  '物理',   'SUBJECT', 0, '2026-01-01 00:00:00');

-- CHAPTER（章节，parent_id 指向学科）
-- 数学章节
INSERT INTO `tag` (`id`, `name`, `type`, `parent_id`, `created_time`)
VALUES
    (10, '函数与导数',     'CHAPTER', 1, '2026-01-01 00:00:00'),
    (11, '三角函数',       'CHAPTER', 1, '2026-01-01 00:00:00'),
    (12, '概率与统计',     'CHAPTER', 1, '2026-01-01 00:00:00'),
    (13, '立体几何',       'CHAPTER', 1, '2026-01-01 00:00:00');

-- 英语章节
INSERT INTO `tag` (`id`, `name`, `type`, `parent_id`, `created_time`)
VALUES
    (20, '完形填空',       'CHAPTER', 2, '2026-01-01 00:00:00'),
    (21, '阅读理解',       'CHAPTER', 2, '2026-01-01 00:00:00'),
    (22, '语法填空',       'CHAPTER', 2, '2026-01-01 00:00:00');

-- 物理章节
INSERT INTO `tag` (`id`, `name`, `type`, `parent_id`, `created_time`)
VALUES
    (30, '力学',           'CHAPTER', 3, '2026-01-01 00:00:00'),
    (31, '电磁学',         'CHAPTER', 3, '2026-01-01 00:00:00'),
    (32, '热学',           'CHAPTER', 3, '2026-01-01 00:00:00');

-- KNOWLEDGE（知识点，parent_id 指向章节）
-- 函数与导数 → 知识点
INSERT INTO `tag` (`id`, `name`, `type`, `parent_id`, `created_time`)
VALUES
    (100, '导数的定义',         'KNOWLEDGE', 10, '2026-01-01 00:00:00'),
    (101, '函数单调性判断',     'KNOWLEDGE', 10, '2026-01-01 00:00:00'),
    (102, '极值与最值',         'KNOWLEDGE', 10, '2026-01-01 00:00:00');

-- 三角函数 → 知识点
INSERT INTO `tag` (`id`, `name`, `type`, `parent_id`, `created_time`)
VALUES
    (110, '正弦余弦定理',       'KNOWLEDGE', 11, '2026-01-01 00:00:00'),
    (111, '三角恒等变换',       'KNOWLEDGE', 11, '2026-01-01 00:00:00');

-- 概率与统计 → 知识点
INSERT INTO `tag` (`id`, `name`, `type`, `parent_id`, `created_time`)
VALUES
    (120, '古典概型',           'KNOWLEDGE', 12, '2026-01-01 00:00:00'),
    (121, '条件概率',           'KNOWLEDGE', 12, '2026-01-01 00:00:00');

-- 立体几何 → 知识点
INSERT INTO `tag` (`id`, `name`, `type`, `parent_id`, `created_time`)
VALUES
    (130, '空间向量法',         'KNOWLEDGE', 13, '2026-01-01 00:00:00'),
    (131, '二面角',             'KNOWLEDGE', 13, '2026-01-01 00:00:00');

-- 完形填空 → 知识点
INSERT INTO `tag` (`id`, `name`, `type`, `parent_id`, `created_time`)
VALUES
    (200, '上下文语境推断',     'KNOWLEDGE', 20, '2026-01-01 00:00:00'),
    (201, '固定搭配',           'KNOWLEDGE', 20, '2026-01-01 00:00:00');

-- 阅读理解 → 知识点
INSERT INTO `tag` (`id`, `name`, `type`, `parent_id`, `created_time`)
VALUES
    (210, '主旨大意',           'KNOWLEDGE', 21, '2026-01-01 00:00:00'),
    (211, '细节推断',           'KNOWLEDGE', 21, '2026-01-01 00:00:00');

-- 语法填空 → 知识点
INSERT INTO `tag` (`id`, `name`, `type`, `parent_id`, `created_time`)
VALUES
    (220, '定语从句',           'KNOWLEDGE', 22, '2026-01-01 00:00:00'),
    (221, '非谓语动词',         'KNOWLEDGE', 22, '2026-01-01 00:00:00');

-- 力学 → 知识点
INSERT INTO `tag` (`id`, `name`, `type`, `parent_id`, `created_time`)
VALUES
    (300, '牛顿第二定律',       'KNOWLEDGE', 30, '2026-01-01 00:00:00'),
    (301, '动量守恒',           'KNOWLEDGE', 30, '2026-01-01 00:00:00');

-- 电磁学 → 知识点
INSERT INTO `tag` (`id`, `name`, `type`, `parent_id`, `created_time`)
VALUES
    (310, '安培力',             'KNOWLEDGE', 31, '2026-01-01 00:00:00'),
    (311, '电磁感应',           'KNOWLEDGE', 31, '2026-01-01 00:00:00');

-- 热学 → 知识点
INSERT INTO `tag` (`id`, `name`, `type`, `parent_id`, `created_time`)
VALUES
    (320, '理想气体状态方程',   'KNOWLEDGE', 32, '2026-01-01 00:00:00'),
    (321, '热力学第一定律',     'KNOWLEDGE', 32, '2026-01-01 00:00:00');


-- ===== 错题数据 =====

-- 小明的错题（account_id = 2）
INSERT INTO `mistake` (`id`, `account_id`, `title`, `correct_answer`, `title_image_url`, `answer_image_url`, `review_stage`, `mastery_level`, `last_review_time`, `next_review_time`, `status`, `created_time`)
VALUES
    (1,  2, '已知函数 f(x) = x³ - 3x + 1，求 f(x) 的极大值和极小值。',
     '极大值为 f(-1) = 3，极小值为 f(1) = -1。先求导 f''(x) = 3x² - 3 = 0，解得 x = ±1，再判断正负号。',
     NULL, NULL, 3, 60, '2026-02-20 10:00:00', '2026-03-06 10:00:00', 1, '2026-02-01 08:30:00'),

    (2,  2, '求 sin²α + cos²α·tan²α 的值（α 为锐角）。',
     '原式 = sin²α + cos²α·(sin²α/cos²α) = sin²α + sin²α = 2sin²α。注意：当 α 确定时才有具体值，题目若问恒等式则结果为 1（此处 tan²α 展开后合并）。',
     NULL, NULL, 1, 30, '2026-02-25 14:00:00', '2026-02-28 14:00:00', 1, '2026-02-10 09:00:00'),

    (3,  2, '从 5 个人中选 3 个人排成一排，其中甲、乙不能相邻，共有多少种排法？',
     '总排列 A(5,3) = 60，甲乙相邻（捆绑法）：甲乙作为整体与另 1 人排列 = C(3,1)·A(2,2)·A(2,2) = 3·2·2 = 12，不相邻 = 60 - 12 = 48 种。（也可用插空法验证）',
     NULL, NULL, 0, 0, NULL, NULL, 1, '2026-03-01 15:00:00'),

    (4,  2, 'The manager insisted that the report _____ (submit) before Friday.',
     'be submitted（虚拟语气：insist that + (should) + 动词原形，被动语态用 be + 过去分词）',
     NULL, NULL, 2, 45, '2026-02-22 16:00:00', '2026-03-01 16:00:00', 1, '2026-02-05 11:00:00'),

    (5,  2, '一质量为 2kg 的物体在水平面上受 10N 的水平拉力作用，摩擦系数 μ=0.3，求物体的加速度。(g=10m/s²)',
     'f = μmg = 0.3×2×10 = 6N，F_net = 10 - 6 = 4N，a = F_net/m = 4/2 = 2 m/s²',
     NULL, NULL, 4, 75, '2026-02-18 09:00:00', '2026-03-10 09:00:00', 1, '2026-01-20 10:00:00'),

    (6,  2, '一理想气体初始状态为 T₁=300K, V₁=2L, P₁=1atm，等压膨胀到 V₂=4L，求末态温度 T₂。',
     '等压过程：V₁/T₁ = V₂/T₂ → T₂ = T₁·V₂/V₁ = 300×4/2 = 600K',
     NULL, NULL, 1, 25, '2026-03-01 11:00:00', '2026-03-04 11:00:00', 1, '2026-02-20 14:00:00'),

-- 小红的错题（account_id = 3）
    (7,  3, '设 f(x) = e^x - ax（a > 0），讨论 f(x) 的单调性。',
     'f''(x) = e^x - a，令 f''(x) = 0 得 x = ln(a)。当 x < ln(a) 时 f''(x) < 0（递减），x > ln(a) 时 f''(x) > 0（递增）。',
     NULL, NULL, 2, 50, '2026-02-28 10:00:00', '2026-03-07 10:00:00', 1, '2026-02-08 08:00:00'),

    (8,  3, '在三棱锥 P-ABC 中，PA⊥底面 ABC，AB⊥AC，PA=AB=AC=1，求二面角 P-BC-A 的大小。',
     '建系：A 为原点，AB 方向为 x 轴，AC 方向为 y 轴，AP 方向为 z 轴。BC 中点 M，求法向量后用公式，二面角 = arctan(√2/2) ≈ 35.26°。',
     NULL, NULL, 0, 10, '2026-03-02 15:00:00', NULL, 1, '2026-03-02 15:00:00'),

    (9,  3, 'Which of the following best describes the main idea of the passage? (关于全球变暖的阅读理解)',
     'B. Human activities are the primary cause of accelerating climate change.',
     NULL, NULL, 3, 55, '2026-02-15 13:00:00', '2026-03-05 13:00:00', 1, '2026-01-25 09:30:00'),

    (10, 3, 'The girl _____ (stand) by the window is my sister. 用所给词的正确形式填空。',
     'standing（现在分词作后置定语，表主动进行）',
     NULL, NULL, 5, 85, '2026-02-10 16:00:00', '2026-03-20 16:00:00', 1, '2026-01-18 10:00:00'),

    (11, 3, '一轻绳跨过定滑轮，两端分别挂质量为 m₁=3kg 和 m₂=2kg 的物体，释放后求加速度和绳中张力。(g=10m/s²)',
     'a = (m₁-m₂)g/(m₁+m₂) = (3-2)×10/(3+2) = 2 m/s²，T = 2m₁m₂g/(m₁+m₂) = 2×3×2×10/5 = 24N',
     NULL, NULL, 1, 35, '2026-02-27 09:00:00', '2026-03-02 09:00:00', 1, '2026-02-15 11:00:00'),

-- 小刚的错题（account_id = 4）
    (12, 4, '已知等差数列 {aₙ} 中，a₃=7, a₇=19，求通项公式和前 10 项之和。',
     'd = (a₇-a₃)/(7-3) = 12/4 = 3，a₁ = a₃-2d = 7-6 = 1，aₙ = 3n-2，S₁₀ = 10×(1+28)/2 = 145',
     NULL, NULL, 0, 5, NULL, NULL, 1, '2026-03-03 08:00:00'),

    (13, 4, '已知 P(A)=0.6, P(B)=0.5, P(A∩B)=0.3，求 P(A|B)。',
     'P(A|B) = P(A∩B)/P(B) = 0.3/0.5 = 0.6',
     NULL, NULL, 2, 40, '2026-02-28 14:00:00', '2026-03-07 14:00:00', 1, '2026-02-18 10:00:00'),

    (14, 4, 'I look forward to _____ (hear) from you soon.',
     'hearing（look forward to 中的 to 是介词，后接动名词）',
     NULL, NULL, 4, 70, '2026-02-20 11:00:00', '2026-03-12 11:00:00', 1, '2026-02-03 09:00:00'),

    (15, 4, '闭合线圈在匀强磁场中匀速转动，从中性面开始计时，求 t=T/4 时刻的感应电动势。',
     'e = NBSω·sin(ωt)，t=T/4 时 ωt=π/2，e = NBSω·sin(π/2) = NBSω = 峰值电动势 E₀',
     NULL, NULL, 1, 30, '2026-03-01 10:00:00', '2026-03-04 10:00:00', 1, '2026-02-22 14:00:00'),

    (16, 4, '两个点电荷 q₁=+4μC 和 q₂=-1μC，相距 30cm，求电场强度为零的点的位置。',
     '在 q₂ 外侧（远离 q₁ 的方向）30cm 处。设距 q₂ 为 x，则 kq₁/(0.3+x)² = kq₂/x²，解得 x=0.3m。',
     NULL, NULL, 0, 0, NULL, NULL, 1, '2026-03-04 16:00:00'),

-- 已删除的错题（测试 status=0）
    (17, 2, '这是一道已删除的测试题目。', '已删除', NULL, NULL, 0, 0, NULL, NULL, 0, '2026-01-15 08:00:00');


-- ===== 错题-标签关联 =====
INSERT INTO `mistake_tag` (`mistake_id`, `tag_id`)
VALUES
    -- 错题1（极值）→ 数学, 函数与导数, 极值与最值
    (1, 1), (1, 10), (1, 102),
    -- 错题2（三角恒等式）→ 数学, 三角函数, 三角恒等变换
    (2, 1), (2, 11), (2, 111),
    -- 错题3（排列组合）→ 数学, 概率与统计, 古典概型
    (3, 1), (3, 12), (3, 120),
    -- 错题4（虚拟语气）→ 英语, 语法填空, 非谓语动词
    (4, 2), (4, 22), (4, 221),
    -- 错题5（牛顿第二定律）→ 物理, 力学, 牛顿第二定律
    (5, 3), (5, 30), (5, 300),
    -- 错题6（理想气体）→ 物理, 热学, 理想气体状态方程
    (6, 3), (6, 32), (6, 320),
    -- 错题7（导数单调性）→ 数学, 函数与导数, 函数单调性判断
    (7, 1), (7, 10), (7, 101),
    -- 错题8（二面角）→ 数学, 立体几何, 二面角
    (8, 1), (8, 13), (8, 131),
    -- 错题9（阅读理解主旨）→ 英语, 阅读理解, 主旨大意
    (9, 2), (9, 21), (9, 210),
    -- 错题10（非谓语动词）→ 英语, 语法填空, 非谓语动词
    (10, 2), (10, 22), (10, 221),
    -- 错题11（阿特伍德机）→ 物理, 力学, 牛顿第二定律
    (11, 3), (11, 30), (11, 300),
    -- 错题12（等差数列）→ 数学, 函数与导数, 导数的定义（勉强归类）
    (12, 1), (12, 10), (12, 100),
    -- 错题13（条件概率）→ 数学, 概率与统计, 条件概率
    (13, 1), (13, 12), (13, 121),
    -- 错题14（非谓语动词）→ 英语, 语法填空, 非谓语动词
    (14, 2), (14, 22), (14, 221),
    -- 错题15（电磁感应）→ 物理, 电磁学, 电磁感应
    (15, 3), (15, 31), (15, 311),
    -- 错题16（电场强度）→ 物理, 电磁学, 安培力（归类到电磁学）
    (16, 3), (16, 31), (16, 310);
